{"train_loss": -2.3936827182769775, "val_loss": -1.500736951828003, "epoch": 1999, "_timestamp": 1717701371.697932, "_runtime": 50.75222396850586, "_step": 2000, "jsd_diameter": 0.25852761726482526, "jsd_gratio": 0.1842932223900499, "sum_jsd": 0.4428208396548752, "genu_cohend": 1.694102341885251, "body_cohend": 4.166521948675159, "splenium_cohend": -0.022413538815929685, "Train_genu": 0.04401051265194427, "Val_genu": 0.019543728894303794, "Train_body": 0.017795701000335805, "Val_body": 0.004708493052310722, "Train_splenium": 0.02262190316169768, "Val_splenium": 0.00382751554935484, "total_perc_error_train": 0.08442811681397776, "total_perc_error_val": 0.028079737495969356, "_wandb": {"runtime": 50}}